,sat_name,UTC time,alt_at_DRAO,az_at_DRAO
0,GPS BIIR-11 (PRN 19),2022-08-29 16:00:00,-41.28775245720213,120.14886048207548
1,GPS BIIR-11 (PRN 19),2022-08-29 16:01:00,-41.59498461135306,120.29259498296923
2,GPS BIIR-11 (PRN 19),2022-08-29 16:02:00,-41.902093822098934,120.43445801203039
3,GPS BIIR-11 (PRN 19),2022-08-29 16:03:00,-42.209073259250566,120.5744222485023
4,GPS BIIR-11 (PRN 19),2022-08-29 16:04:00,-42.51592633790256,120.71243305087157
5,GPS BIIR-11 (PRN 19),2022-08-29 16:05:00,-42.82264964296032,120.84849041913823
6,GPS BIIR-11 (PRN 19),2022-08-29 16:06:00,-43.129243174423856,120.98255337216723
7,GPS BIIR-11 (PRN 19),2022-08-29 16:07:00,-43.43570693229316,121.11458092882359
8,GPS BIIR-11 (PRN 19),2022-08-29 16:08:00,-43.74203408637906,121.24454576835059
9,GPS BIIR-11 (PRN 19),2022-08-29 16:09:00,-44.04822805177615,121.37242056999156
10,GPS BIIR-11 (PRN 19),2022-08-29 16:10:00,-44.35428541338983,121.49817801298984
11,GPS BIIR-11 (PRN 19),2022-08-29 16:11:00,-44.66020617122012,121.62176345583205
12,GPS BIIR-11 (PRN 19),2022-08-29 16:12:00,-44.96598691017242,121.74316323813986
13,GPS BIIR-11 (PRN 19),2022-08-29 16:13:00,-45.27162421515215,121.8623227183999
14,GPS BIIR-11 (PRN 19),2022-08-29 16:14:00,-45.57711808615931,121.97922823623384
15,GPS BIIR-11 (PRN 19),2022-08-29 16:15:00,-45.88246510809932,122.09381148974997
16,GPS BIIR-11 (PRN 19),2022-08-29 16:16:00,-46.18766186587758,122.20605881856996
17,GPS BIIR-11 (PRN 19),2022-08-29 16:17:00,-46.4927083594941,122.31592924155879
18,GPS BIIR-11 (PRN 19),2022-08-29 16:18:00,-46.797601173854304,122.42336811720308
19,GPS BIIR-11 (PRN 19),2022-08-29 16:19:00,-47.10233347876901,122.52834812474619
20,GPS BIIR-11 (PRN 19),2022-08-29 16:20:00,-47.4069086893328,122.63082828305305
21,GPS BIIR-11 (PRN 19),2022-08-29 16:21:00,-47.71131656026193,122.730740290232
22,GPS BIIR-11 (PRN 19),2022-08-29 16:22:00,-48.01556050665098,122.82807048590469
23,GPS BIIR-11 (PRN 19),2022-08-29 16:23:00,-48.31963028321619,122.9227505681794
24,GPS BIIR-11 (PRN 19),2022-08-29 16:24:00,-48.62352588995757,123.01475321629947
25,GPS BIIR-11 (PRN 19),2022-08-29 16:25:00,-48.92724391178052,123.1040101283732
26,GPS BIIR-11 (PRN 19),2022-08-29 16:26:00,-49.230780933590474,123.19048032326556
27,GPS BIIR-11 (PRN 19),2022-08-29 16:27:00,-49.53412671010367,123.27412281984154
28,GPS BIIR-11 (PRN 19),2022-08-29 16:28:00,-49.8372812413201,123.35486931620943
29,GPS BIIR-11 (PRN 19),2022-08-29 16:29:00,-50.14024111214518,123.43266517085587
30,GPS BIIR-11 (PRN 19),2022-08-29 16:30:00,-50.44299949238975,123.50746940264585
31,GPS BIIR-11 (PRN 19),2022-08-29 16:31:00,-50.74554955186464,123.57921370968766
32,GPS BIIR-11 (PRN 19),2022-08-29 16:32:00,-51.04788446038067,123.64785711084629
33,GPS BIIR-11 (PRN 19),2022-08-29 16:33:00,-51.350004217937844,123.7133176438517
34,GPS BIIR-11 (PRN 19),2022-08-29 16:34:00,-51.65190199434699,123.77554066719051
35,GPS BIIR-11 (PRN 19),2022-08-29 16:35:00,-51.953564129229775,123.83447153934938
36,GPS BIIR-11 (PRN 19),2022-08-29 16:36:00,-52.25499403768078,123.89004195843661
37,GPS BIIR-11 (PRN 19),2022-08-29 16:37:00,-52.55617805932166,123.94216996218215
38,GPS BIIR-11 (PRN 19),2022-08-29 16:38:00,-52.857109363963254,123.99080090907263
39,GPS BIIR-11 (PRN 19),2022-08-29 16:39:00,-53.15778453651097,124.03586649721638
40,GPS BIIR-11 (PRN 19),2022-08-29 16:40:00,-53.45819333168105,124.07728476434333
41,GPS BIIR-11 (PRN 19),2022-08-29 16:41:00,-53.75832891928434,124.1149874085618
42,GPS BIIR-11 (PRN 19),2022-08-29 16:42:00,-54.05818105403707,124.14889246760175
43,GPS BIIR-11 (PRN 19),2022-08-29 16:43:00,-54.35774290575007,124.17891797919313
44,GPS BIIR-11 (PRN 19),2022-08-29 16:44:00,-54.657004229139595,124.2049819810659
45,GPS BIIR-11 (PRN 19),2022-08-29 16:45:00,-54.95595819401647,124.22700251095002
46,GPS BIIR-11 (PRN 19),2022-08-29 16:46:00,-55.254591140002354,124.24489760657545
47,GPS BIIR-11 (PRN 19),2022-08-29 16:47:00,-55.55289282181349,124.25857164529381
48,GPS BIIR-11 (PRN 19),2022-08-29 16:48:00,-55.85085640926071,124.26791534407839
49,GPS BIIR-11 (PRN 19),2022-08-29 16:49:00,-56.14846824196567,124.27286040103748
50,GPS BIIR-11 (PRN 19),2022-08-29 16:50:00,-56.44571807464463,124.27329753314436
51,GPS BIIR-11 (PRN 19),2022-08-29 16:51:00,-56.74259224691924,124.26911745737232
52,GPS BIIR-11 (PRN 19),2022-08-29 16:52:00,-57.03908051350573,124.26022455107295
53,GPS BIIR-11 (PRN 19),2022-08-29 16:53:00,-57.33516921402579,124.24650953121957
54,GPS BIIR-11 (PRN 19),2022-08-29 16:54:00,-57.63084127300647,124.22784945440709
55,GPS BIIR-11 (PRN 19),2022-08-29 16:55:00,-57.92608303006944,124.20414869798715
56,GPS BIIR-11 (PRN 19),2022-08-29 16:56:00,-58.22088765502553,124.175256997798
57,GPS BIIR-11 (PRN 19),2022-08-29 16:57:00,-58.51523465730723,124.1410923915696
58,GPS BIIR-11 (PRN 19),2022-08-29 16:58:00,-58.809103546347025,124.10149095476186
59,GPS BIIR-11 (PRN 19),2022-08-29 16:59:00,-59.102480661766585,124.05634340434807
60,GPS BIIR-11 (PRN 19),2022-08-29 17:00:00,-59.39535917337673,124.0054994761665
61,GPS BIIR-11 (PRN 19),2022-08-29 17:01:00,-59.68770493023162,123.94882256643373
62,GPS BIIR-11 (PRN 19),2022-08-29 17:02:00,-59.979504271952905,123.88617607136638
63,GPS BIIR-11 (PRN 19),2022-08-29 17:03:00,-60.27074353816225,123.8174097268027
64,GPS BIIR-11 (PRN 19),2022-08-29 17:04:00,-60.56140223829214,123.74235960820259
65,GPS BIIR-11 (PRN 19),2022-08-29 17:05:00,-60.8514530515859,123.660861791026
66,GPS BIIR-11 (PRN 19),2022-08-29 17:06:00,-61.14087548747602,123.57277967148951
67,GPS BIIR-11 (PRN 19),2022-08-29 17:07:00,-61.42964905539499,123.47790834391803
68,GPS BIIR-11 (PRN 19),2022-08-29 17:08:00,-61.7177532647753,123.37608388377149
69,GPS BIIR-11 (PRN 19),2022-08-29 17:09:00,-62.005153964671095,123.26712870613144
70,GPS BIIR-11 (PRN 19),2022-08-29 17:10:00,-62.29183066451487,123.15086522607949
71,GPS BIIR-11 (PRN 19),2022-08-29 17:11:00,-62.57775604354995,123.02706121718383
72,GPS BIIR-11 (PRN 19),2022-08-29 17:12:00,-62.862902781019635,122.89555275490441
73,GPS BIIR-11 (PRN 19),2022-08-29 17:13:00,-63.14724355616727,122.75612127318777
74,GPS BIIR-11 (PRN 19),2022-08-29 17:14:00,-63.43073738785782,122.60853454560213
75,GPS BIIR-11 (PRN 19),2022-08-29 17:15:00,-63.713363785523775,122.4525876664724
76,GPS BIIR-11 (PRN 19),2022-08-29 17:16:00,-63.99508859821929,122.2880484093668
77,GPS BIIR-11 (PRN 19),2022-08-29 17:17:00,-64.27587084480935,122.11467088747519
78,GPS BIIR-11 (PRN 19),2022-08-29 17:18:00,-64.55567637434808,121.9322228743658
79,GPS BIIR-11 (PRN 19),2022-08-29 17:19:00,-64.83447103588966,121.74043116247185
80,GPS BIIR-11 (PRN 19),2022-08-29 17:20:00,-65.11221384829906,121.5390498649832
81,GPS BIIR-11 (PRN 19),2022-08-29 17:21:00,-65.38885700025209,121.32780577433304
82,GPS BIIR-11 (PRN 19),2022-08-29 17:22:00,-65.6643663408029,121.10641202257625
83,GPS BIIR-11 (PRN 19),2022-08-29 17:23:00,-65.93869405862729,120.87458174176767
84,GPS BIIR-11 (PRN 19),2022-08-29 17:24:00,-66.21179917259025,120.63201440358384
85,GPS BIIR-11 (PRN 19),2022-08-29 17:25:00,-66.48362021098924,120.37840947970128
86,GPS BIIR-11 (PRN 19),2022-08-29 17:26:00,-66.75411619268927,120.11343912103979
87,GPS BIIR-11 (PRN 19),2022-08-29 17:27:00,-67.02323247617693,119.83677547851926
88,GPS BIIR-11 (PRN 19),2022-08-29 17:28:00,-67.29090758974974,119.54810436343784
89,GPS BIIR-11 (PRN 19),2022-08-29 17:29:00,-67.55709372208347,119.24704328520201
90,GPS BIIR-11 (PRN 19),2022-08-29 17:30:00,-67.82172257128644,118.93326439473164
91,GPS BIIR-11 (PRN 19),2022-08-29 17:31:00,-68.08473266565612,118.60638520143316
92,GPS BIIR-11 (PRN 19),2022-08-29 17:32:00,-68.3460557033008,118.26602321471309
93,GPS BIIR-11 (PRN 19),2022-08-29 17:33:00,-68.60563021251798,117.91179594397788
94,GPS BIIR-11 (PRN 19),2022-08-29 17:34:00,-68.86338106122675,117.5433072382557
95,GPS BIIR-11 (PRN 19),2022-08-29 17:35:00,-69.11922628715709,117.16014728619632
96,GPS BIIR-11 (PRN 19),2022-08-29 17:36:00,-69.3730975884173,116.76190627644955
97,GPS BIIR-11 (PRN 19),2022-08-29 17:37:00,-69.62490617254815,116.34813341653019
98,GPS BIIR-11 (PRN 19),2022-08-29 17:38:00,-69.87457007727963,115.91840523470967
99,GPS BIIR-11 (PRN 19),2022-08-29 17:39:00,-70.1220005101525,115.47227093850277
100,GPS BIIR-11 (PRN 19),2022-08-29 17:40:00,-70.36710867870758,115.00929339580263
101,GPS BIIR-11 (PRN 19),2022-08-29 17:41:00,-70.60979213010731,114.5290013235565
102,GPS BIIR-11 (PRN 19),2022-08-29 17:42:00,-70.84994841151412,114.03091660852249
103,GPS BIIR-11 (PRN 19),2022-08-29 17:43:00,-71.08747507009049,113.51458845821537
104,GPS BIIR-11 (PRN 19),2022-08-29 17:44:00,-71.32226965299886,112.97952509901492
105,GPS BIIR-11 (PRN 19),2022-08-29 17:45:00,-71.55420238664497,112.42525524786838
106,GPS BIIR-11 (PRN 19),2022-08-29 17:46:00,-71.78317764838047,111.85130079153387
107,GPS BIIR-11 (PRN 19),2022-08-29 17:47:00,-72.0090520042328,111.25718361676948
108,GPS BIIR-11 (PRN 19),2022-08-29 17:48:00,-72.23170934098604,110.64241878014414
109,GPS BIIR-11 (PRN 19),2022-08-29 17:49:00,-72.45101305485682,110.00655548917264
110,GPS BIIR-11 (PRN 19),2022-08-29 17:50:00,-72.66682654206171,109.34911563061306
111,GPS BIIR-11 (PRN 19),2022-08-29 17:51:00,-72.87900636862815,108.66965524216936
112,GPS BIIR-11 (PRN 19),2022-08-29 17:52:00,-73.08740910058359,107.96773719173466
113,GPS BIIR-11 (PRN 19),2022-08-29 17:53:00,-73.29187764357708,107.24295166795876
114,GPS BIIR-11 (PRN 19),2022-08-29 17:54:00,-73.49226173344692,106.49489568968062
115,GPS BIIR-11 (PRN 19),2022-08-29 17:55:00,-73.68839744565301,105.72320042668507
116,GPS BIIR-11 (PRN 19),2022-08-29 17:56:00,-73.8801140254661,104.92753119970277
117,GPS BIIR-11 (PRN 19),2022-08-29 17:57:00,-74.06724071815694,104.10758748041026
118,GPS BIIR-11 (PRN 19),2022-08-29 17:58:00,-74.24961359918544,103.26310289142988
119,GPS BIIR-11 (PRN 19),2022-08-29 17:59:00,-74.42704142325486,102.39387252708654
120,GPS BIIR-11 (PRN 19),2022-08-29 18:00:00,-74.59934660544678,101.499725632651
121,GPS BIIR-11 (PRN 19),2022-08-29 18:01:00,-74.76634473065359,100.58056658547488
122,GPS BIIR-11 (PRN 19),2022-08-29 18:02:00,-74.92784455357854,99.63635440442314
123,GPS BIIR-11 (PRN 19),2022-08-29 18:03:00,-75.08365482892486,98.66712324044165
124,GPS BIIR-11 (PRN 19),2022-08-29 18:04:00,-75.233591141585,97.67298920674631
125,GPS BIIR-11 (PRN 19),2022-08-29 18:05:00,-75.37744175569463,96.65413671844468
126,GPS BIIR-11 (PRN 19),2022-08-29 18:06:00,-75.51502908633536,95.61085947367107
127,GPS BIIR-11 (PRN 19),2022-08-29 18:07:00,-75.6461482278321,94.54353313282986
128,GPS BIIR-11 (PRN 19),2022-08-29 18:08:00,-75.77062159526642,93.45263580916293
129,GPS BIIR-11 (PRN 19),2022-08-29 18:09:00,-75.8882442829632,92.33876172912808
130,GPS BIIR-11 (PRN 19),2022-08-29 18:10:00,-75.99883870600405,91.20259391164231
131,GPS BIIR-11 (PRN 19),2022-08-29 18:11:00,-76.10222044928136,90.04494514921686
132,GPS BIIR-11 (PRN 19),2022-08-29 18:12:00,-76.19821875806589,88.86673068720049
133,GPS BIIR-11 (PRN 19),2022-08-29 18:13:00,-76.28665604743922,87.66897505396871
134,GPS BIIR-11 (PRN 19),2022-08-29 18:14:00,-76.36737522305043,86.45283938168042
135,GPS BIIR-11 (PRN 19),2022-08-29 18:15:00,-76.44021919054862,85.21957359495376
136,GPS BIIR-11 (PRN 19),2022-08-29 18:16:00,-76.50505817633955,83.97053007124435
137,GPS BIIR-11 (PRN 19),2022-08-29 18:17:00,-76.56174874645065,82.70718413141294
138,GPS BIIR-11 (PRN 19),2022-08-29 18:18:00,-76.6101816178552,81.43109305859029
139,GPS BIIR-11 (PRN 19),2022-08-29 18:19:00,-76.6502475075265,80.1438960981772
140,GPS BIIR-11 (PRN 19),2022-08-29 18:20:00,-76.68185762300533,78.8473144578445
141,GPS BIIR-11 (PRN 19),2022-08-29 18:21:00,-76.70493683221079,77.54313764715477
142,GPS BIIR-11 (PRN 19),2022-08-29 18:22:00,-76.71943049362956,76.23318932661635
143,GPS BIIR-11 (PRN 19),2022-08-29 18:23:00,-76.72528396574826,74.91935462844022
144,GPS BIIR-11 (PRN 19),2022-08-29 18:24:00,-76.72247675799939,73.6035323452156
145,GPS BIIR-11 (PRN 19),2022-08-29 18:25:00,-76.71100204019376,72.28762126953177
146,GPS BIIR-11 (PRN 19),2022-08-29 18:26:00,-76.69086664252058,70.97353385435633
147,GPS BIIR-11 (PRN 19),2022-08-29 18:27:00,-76.66209105554731,69.66314157152188
148,GPS BIIR-11 (PRN 19),2022-08-29 18:28:00,-76.62472309059817,68.35829540229348
149,GPS BIIR-11 (PRN 19),2022-08-29 18:29:00,-76.57881055899735,67.06079168642283
150,GPS BIIR-11 (PRN 19),2022-08-29 18:30:00,-76.5244285928257,65.77236529195913
151,GPS BIIR-11 (PRN 19),2022-08-29 18:31:00,-76.46166598454245,64.49468961524904
152,GPS BIIR-11 (PRN 19),2022-08-29 18:32:00,-76.39062518698515,63.22932876961248
153,GPS BIIR-11 (PRN 19),2022-08-29 18:33:00,-76.31141548318051,61.97778539666685
154,GPS BIIR-11 (PRN 19),2022-08-29 18:34:00,-76.22416664672276,60.741439194624505
155,GPS BIIR-11 (PRN 19),2022-08-29 18:35:00,-76.12901528139533,59.5215742390494
156,GPS BIIR-11 (PRN 19),2022-08-29 18:36:00,-76.02611165135991,58.3193584922896
157,GPS BIIR-11 (PRN 19),2022-08-29 18:37:00,-75.91560602077827,57.13585746385564
158,GPS BIIR-11 (PRN 19),2022-08-29 18:38:00,-75.79766231419049,55.97201713494756
159,GPS BIIR-11 (PRN 19),2022-08-29 18:39:00,-75.67245811651499,54.82866395845494
160,GPS BIIR-11 (PRN 19),2022-08-29 18:40:00,-75.54015052210268,53.70652534952438
161,GPS BIIR-11 (PRN 19),2022-08-29 18:41:00,-75.40093760643947,52.606209194992005
162,GPS BIIR-11 (PRN 19),2022-08-29 18:42:00,-75.25499012425465,51.5282209288564
163,GPS BIIR-11 (PRN 19),2022-08-29 18:43:00,-75.10249249065576,50.4729635322786
164,GPS BIIR-11 (PRN 19),2022-08-29 18:44:00,-74.94363595093961,49.44074436377125
165,GPS BIIR-11 (PRN 19),2022-08-29 18:45:00,-74.77859809002459,48.43177857429322
166,GPS BIIR-11 (PRN 19),2022-08-29 18:46:00,-74.60757015320748,47.446195937438716
167,GPS BIIR-11 (PRN 19),2022-08-29 18:47:00,-74.43073655559584,46.48404767962653
168,GPS BIIR-11 (PRN 19),2022-08-29 18:48:00,-74.24828171229728,45.545313310289146
169,GPS BIIR-11 (PRN 19),2022-08-29 18:49:00,-74.06038320823023,44.62990745206194
170,GPS BIIR-11 (PRN 19),2022-08-29 18:50:00,-73.86721179812395,43.73767642568859
171,GPS BIIR-11 (PRN 19),2022-08-29 18:51:00,-73.66895872727515,42.86842215568316
172,GPS BIIR-11 (PRN 19),2022-08-29 18:52:00,-73.46578109003478,42.02189192504637
173,GPS BIIR-11 (PRN 19),2022-08-29 18:53:00,-73.25784281094292,41.19779545073848
174,GPS BIIR-11 (PRN 19),2022-08-29 18:54:00,-73.04532147491797,40.39579805349017
175,GPS BIIR-11 (PRN 19),2022-08-29 18:55:00,-72.82836734612168,39.615541148370006
176,GPS BIIR-11 (PRN 19),2022-08-29 18:56:00,-72.60713751890496,38.85663199950072
177,GPS BIIR-11 (PRN 19),2022-08-29 18:57:00,-72.3817754272404,38.11865738043752
178,GPS BIIR-11 (PRN 19),2022-08-29 18:58:00,-72.1524313352897,37.401186989262705
179,GPS BIIR-11 (PRN 19),2022-08-29 18:59:00,-71.91924867702548,36.70377003349104
180,GPS BIIR-11 (PRN 19),2022-08-29 19:00:00,-71.68235722604192,36.02594889044815
181,GPS BIIR-11 (PRN 19),2022-08-29 19:01:00,-71.44188675593328,35.367252277081285
182,GPS BIIR-11 (PRN 19),2022-08-29 19:02:00,-71.19797387048295,34.72720891033773
183,GPS BIIR-11 (PRN 19),2022-08-29 19:03:00,-70.95072785271766,34.105337261881
184,GPS BIIR-11 (PRN 19),2022-08-29 19:04:00,-70.70027847623163,33.501155803374594
185,GPS BIIR-11 (PRN 19),2022-08-29 19:05:00,-70.44673502405159,32.91418642157662
186,GPS BIIR-11 (PRN 19),2022-08-29 19:06:00,-70.19019994901508,32.34395100324518
187,GPS BIIR-11 (PRN 19),2022-08-29 19:07:00,-69.930789364338,31.78997485023296
188,GPS BIIR-11 (PRN 19),2022-08-29 19:08:00,-69.66859206247955,31.251786679487218
189,GPS BIIR-11 (PRN 19),2022-08-29 19:09:00,-69.40371049627728,30.728928868333572
190,GPS BIIR-11 (PRN 19),2022-08-29 19:10:00,-69.13624028837958,30.220936963908457
191,GPS BIIR-11 (PRN 19),2022-08-29 19:11:00,-68.86627023124566,29.72736358882124
192,GPS BIIR-11 (PRN 19),2022-08-29 19:12:00,-68.59388228714556,29.247775026059628
193,GPS BIIR-11 (PRN 19),2022-08-29 19:13:00,-68.3191584183493,28.781730728422147
194,GPS BIIR-11 (PRN 19),2022-08-29 19:14:00,-68.04218058712695,28.32881234682214
195,GPS BIIR-11 (PRN 19),2022-08-29 19:15:00,-67.76303075574853,27.888606654814815
196,GPS BIIR-11 (PRN 19),2022-08-29 19:16:00,-67.4817635657274,27.460708963691857
197,GPS BIIR-11 (PRN 19),2022-08-29 19:17:00,-67.19846780952278,27.044728245123277
198,GPS BIIR-11 (PRN 19),2022-08-29 19:18:00,-66.9132049588372,26.64028200851556
199,GPS BIIR-11 (PRN 19),2022-08-29 19:19:00,-66.62603648537318,26.246996301011638
200,GPS BIIR-11 (PRN 19),2022-08-29 19:20:00,-66.33701703064409,25.864510830132804
201,GPS BIIR-11 (PRN 19),2022-08-29 19:21:00,-66.04622172673079,25.492470426042207
202,GPS BIIR-11 (PRN 19),2022-08-29 19:22:00,-65.75369838495749,25.130535286828646
203,GPS BIIR-11 (PRN 19),2022-08-29 19:23:00,-65.45950164683754,24.77837244077008
204,GPS BIIR-11 (PRN 19),2022-08-29 19:24:00,-65.16368615388429,24.43566086897552
205,GPS BIIR-11 (PRN 19),2022-08-29 19:25:00,-64.86629971742192,24.10208638274315
206,GPS BIIR-11 (PRN 19),2022-08-29 19:26:00,-64.56739697896383,23.777348453749475
207,GPS BIIR-11 (PRN 19),2022-08-29 19:27:00,-64.26701891964501,23.461149968765614
208,GPS BIIR-11 (PRN 19),2022-08-29 19:28:00,-63.96520652060048,23.153209182488297
209,GPS BIIR-11 (PRN 19),2022-08-29 19:29:00,-63.66200759315445,22.853251179803433
210,GPS BIIR-11 (PRN 19),2022-08-29 19:30:00,-63.35746994863109,22.56100446069151
211,GPS BIIR-11 (PRN 19),2022-08-29 19:31:00,-63.05162090778709,22.27621460060595
212,GPS BIIR-11 (PRN 19),2022-08-29 19:32:00,-62.744501451757465,21.998630590094756
213,GPS BIIR-11 (PRN 19),2022-08-29 19:33:00,-62.43615256167724,21.72800995744239
214,GPS BIIR-11 (PRN 19),2022-08-29 19:34:00,-62.12661521868143,21.464117061122483
215,GPS BIIR-11 (PRN 19),2022-08-29 19:35:00,-61.81590991333755,21.20672479734514
216,GPS BIIR-11 (PRN 19),2022-08-29 19:36:00,-61.50407762678062,20.95561460005691
217,GPS BIIR-11 (PRN 19),2022-08-29 19:37:00,-61.19114567976732,20.71057302584624
218,GPS BIIR-11 (PRN 19),2022-08-29 19:38:00,-60.87714822324349,20.471393461490734
219,GPS BIIR-11 (PRN 19),2022-08-29 19:39:00,-60.56211940815499,20.237877831504463
220,GPS BIIR-11 (PRN 19),2022-08-29 19:40:00,-60.24607289488016,20.009831475496075
221,GPS BIIR-11 (PRN 19),2022-08-29 19:41:00,-59.92904966455402,19.787069978357987
222,GPS BIIR-11 (PRN 19),2022-08-29 19:42:00,-59.61107703793324,19.569410632529898
223,GPS BIIR-11 (PRN 19),2022-08-29 19:43:00,-59.292168675396184,19.356679268187975
224,GPS BIIR-11 (PRN 19),2022-08-29 19:44:00,-58.972351897699504,19.148705130602963
225,GPS BIIR-11 (PRN 19),2022-08-29 19:45:00,-58.65166085578907,18.945324295234787
226,GPS BIIR-11 (PRN 19),2022-08-29 19:46:00,-58.330109210043204,18.74637796018524
227,GPS BIIR-11 (PRN 19),2022-08-29 19:47:00,-58.0077242812186,18.55171415374529
228,GPS BIIR-11 (PRN 19),2022-08-29 19:48:00,-57.68452655988277,18.36118090420591
229,GPS BIIR-11 (PRN 19),2022-08-29 19:49:00,-57.36052970641404,18.17463307004723
230,GPS BIIR-11 (PRN 19),2022-08-29 19:50:00,-57.03576445666369,17.991932339938558
231,GPS BIIR-11 (PRN 19),2022-08-29 19:51:00,-56.71024447101006,17.812943817643788
232,GPS BIIR-11 (PRN 19),2022-08-29 19:52:00,-56.383993655115226,17.63753260692681
233,GPS BIIR-11 (PRN 19),2022-08-29 19:53:00,-56.05702566935754,17.46557405683528
234,GPS BIIR-11 (PRN 19),2022-08-29 19:54:00,-55.72936100430452,17.29694351641683
235,GPS BIIR-11 (PRN 19),2022-08-29 19:55:00,-55.40101673542909,17.13151974981371
236,GPS BIIR-11 (PRN 19),2022-08-29 19:56:00,-55.072009938204154,16.969186643810016
237,GPS BIIR-11 (PRN 19),2022-08-29 19:57:00,-54.742357688102665,16.80983150028445
238,GPS BIIR-11 (PRN 19),2022-08-29 19:58:00,-54.41207364550294,16.653345036210286
239,GPS BIIR-11 (PRN 19),2022-08-29 19:59:00,-54.081174885877914,16.499619676108104
240,GPS BIIR-11 (PRN 19),2022-08-29 20:00:00,-53.74967848470052,16.348552967140346
241,GPS BIIR-11 (PRN 19),2022-08-29 20:01:00,-53.41759810234908,16.200042456469465
242,GPS BIIR-11 (PRN 19),2022-08-29 20:02:00,-53.08494739920195,16.053994228994377
243,GPS BIIR-11 (PRN 19),2022-08-29 20:03:00,-52.75174345073205,15.910310954519403
244,GPS BIIR-11 (PRN 19),2022-08-29 20:04:00,-52.41799650222313,15.768898717943458
245,GPS BIIR-11 (PRN 19),2022-08-29 20:05:00,-52.083720214053535,15.629672141901919
246,GPS BIIR-11 (PRN 19),2022-08-29 20:06:00,-51.74893166169619,15.49254072638828
247,GPS BIIR-11 (PRN 19),2022-08-29 20:07:00,-51.41364109043485,15.35742080158521
248,GPS BIIR-11 (PRN 19),2022-08-29 20:08:00,-51.077862160647854,15.224230405222668
249,GPS BIIR-11 (PRN 19),2022-08-29 20:09:00,-50.74160853271354,15.092889282577909
250,GPS BIIR-11 (PRN 19),2022-08-29 20:10:00,-50.40488703682109,14.963317178928182
251,GPS BIIR-11 (PRN 19),2022-08-29 20:11:00,-50.06771816353799,14.83544066973991
252,GPS BIIR-11 (PRN 19),2022-08-29 20:12:00,-49.730105327958846,14.709184622932225
253,GPS BIIR-11 (PRN 19),2022-08-29 20:13:00,-49.39206902065116,14.58447732151884
254,GPS BIIR-11 (PRN 19),2022-08-29 20:14:00,-49.05361265670952,14.461247048513469
255,GPS BIIR-11 (PRN 19),2022-08-29 20:15:00,-48.71474989651226,14.339427209571706
256,GPS BIIR-11 (PRN 19),2022-08-29 20:16:00,-48.375494400437724,14.2189503565755
257,GPS BIIR-11 (PRN 19),2022-08-29 20:17:00,-48.03585641376967,14.099749895180436
258,GPS BIIR-11 (PRN 19),2022-08-29 20:18:00,-47.69584276669727,13.981763499910343
259,GPS BIIR-11 (PRN 19),2022-08-29 20:19:00,-47.35547053469344,13.864927991515398
260,GPS BIIR-11 (PRN 19),2022-08-29 20:20:00,-47.01474654794735,13.749184459614007
261,GPS BIIR-11 (PRN 19),2022-08-29 20:21:00,-46.67368105174276,13.63447228627729
262,GPS BIIR-11 (PRN 19),2022-08-29 20:22:00,-46.33228429136343,13.520734268670944
263,GPS BIIR-11 (PRN 19),2022-08-29 20:23:00,-45.99056651209311,13.40791405773432
264,GPS BIIR-11 (PRN 19),2022-08-29 20:24:00,-45.648541374310135,13.29595615818041
265,GPS BIIR-11 (PRN 19),2022-08-29 20:25:00,-45.30621570820368,13.1848067822695
266,GPS BIIR-11 (PRN 19),2022-08-29 20:26:00,-44.9635997590575,13.074412996035523
267,GPS BIIR-11 (PRN 19),2022-08-29 20:27:00,-44.62070035706076,12.964722719286057
268,GPS BIIR-11 (PRN 19),2022-08-29 20:28:00,-44.2775345776864,12.855685579375974
269,GPS BIIR-11 (PRN 19),2022-08-29 20:29:00,-43.93410925112357,12.747252911207436
270,GPS BIIR-11 (PRN 19),2022-08-29 20:30:00,-43.59043120756146,12.639376049682609
271,GPS BIIR-11 (PRN 19),2022-08-29 20:31:00,-43.24651410737839,12.532006329703654
272,GPS BIIR-11 (PRN 19),2022-08-29 20:32:00,-42.90236478076354,12.425099355040969
273,GPS BIIR-11 (PRN 19),2022-08-29 20:33:00,-42.55799347300067,12.318607314370361
274,GPS BIIR-11 (PRN 19),2022-08-29 20:34:00,-42.213413844468114,12.21248751900952
275,GPS BIIR-11 (PRN 19),2022-08-29 20:35:00,-41.86862931026045,12.106694718955191
276,GPS BIIR-11 (PRN 19),2022-08-29 20:36:00,-41.523653530756036,12.001186225525066
277,GPS BIIR-11 (PRN 19),2022-08-29 20:37:00,-41.17849333614402,11.895921057584122
278,GPS BIIR-11 (PRN 19),2022-08-29 20:38:00,-40.83316238680276,11.7908556726764
279,GPS BIIR-11 (PRN 19),2022-08-29 20:39:00,-40.487667512921426,11.685950797214176
280,GPS BIIR-11 (PRN 19),2022-08-29 20:40:00,-40.14201895978376,11.581167157609716
281,GPS BIIR-11 (PRN 19),2022-08-29 20:41:00,-39.79622697267352,11.476463772728007
282,GPS BIIR-11 (PRN 19),2022-08-29 20:42:00,-39.45030179687447,11.371803076528609
283,GPS BIIR-11 (PRN 19),2022-08-29 20:43:00,-39.104250262575775,11.267146649197441
284,GPS BIIR-11 (PRN 19),2022-08-29 20:44:00,-38.75808603015577,11.162457778467717
285,GPS BIIR-11 (PRN 19),2022-08-29 20:45:00,-38.41181592980364,11.057698898299
286,GPS BIIR-11 (PRN 19),2022-08-29 20:46:00,-38.06545020680312,10.952835003971796
287,GPS BIIR-11 (PRN 19),2022-08-29 20:47:00,-37.719002521532566,10.847829383219311
288,GPS BIIR-11 (PRN 19),2022-08-29 20:48:00,-37.37247970418114,10.7426478850957
289,GPS BIIR-11 (PRN 19),2022-08-29 20:49:00,-37.0258920000326,10.637254651107819
290,GPS BIIR-11 (PRN 19),2022-08-29 20:50:00,-36.67924965437069,10.531617237857109
291,GPS BIIR-11 (PRN 19),2022-08-29 20:51:00,-36.33256291247919,10.425701494397721
292,GPS BIIR-11 (PRN 19),2022-08-29 20:52:00,-35.98584201964183,10.319474977331097
293,GPS BIIR-11 (PRN 19),2022-08-29 20:53:00,-35.63910063623696,10.212903535711389
294,GPS BIIR-11 (PRN 19),2022-08-29 20:54:00,-35.292345592453756,10.105955579913683
295,GPS BIIR-11 (PRN 19),2022-08-29 20:55:00,-34.94558713357596,9.998600374086715
296,GPS BIIR-11 (PRN 19),2022-08-29 20:56:00,-34.59883550488734,9.890805474831927
297,GPS BIIR-11 (PRN 19),2022-08-29 20:57:00,-34.252104366766225,9.782540146298055
298,GPS BIIR-11 (PRN 19),2022-08-29 20:58:00,-33.90540396449638,9.673773652633834
299,GPS BIIR-11 (PRN 19),2022-08-29 20:59:00,-33.55874795845614,9.564476111761643
300,GPS BIIR-11 (PRN 19),2022-08-29 21:00:00,-33.21213976374009,9.454616787830219
301,GPS BIIR-11 (PRN 19),2022-08-29 21:01:00,-32.86559645582115,9.344167506309235
302,GPS BIIR-11 (PRN 19),2022-08-29 21:02:00,-32.519128279983086,9.233098385121073
303,GPS BIIR-11 (PRN 19),2022-08-29 21:03:00,-32.172748896604226,9.12138039596176
304,GPS BIIR-11 (PRN 19),2022-08-29 21:04:00,-31.82646513587375,9.008985364300969
305,GPS BIIR-11 (PRN 19),2022-08-29 21:05:00,-31.480290658169995,8.895884261834727
306,GPS BIIR-11 (PRN 19),2022-08-29 21:06:00,-31.1342391238713,8.782049767806356
307,GPS BIIR-11 (PRN 19),2022-08-29 21:07:00,-30.788324193356,8.667452853911882
308,GPS BIIR-11 (PRN 19),2022-08-29 21:08:00,-30.442552696813276,8.552067906941918
309,GPS BIIR-11 (PRN 19),2022-08-29 21:09:00,-30.096941709716045,8.435866752366138
310,GPS BIIR-11 (PRN 19),2022-08-29 21:10:00,-29.751501477348068,8.31882206942786
311,GPS BIIR-11 (PRN 19),2022-08-29 21:11:00,-29.40624224499309,8.200907391144053
312,GPS BIIR-11 (PRN 19),2022-08-29 21:12:00,-29.061181088124048,8.08209625053168
313,GPS BIIR-11 (PRN 19),2022-08-29 21:13:00,-28.716331667119274,7.962362180607711
314,GPS BIIR-11 (PRN 19),2022-08-29 21:14:00,-28.371705934809818,7.84167871438911
315,GPS BIIR-11 (PRN 19),2022-08-29 21:15:00,-28.027314136479436,7.720021092440135
316,GPS BIIR-11 (PRN 19),2022-08-29 21:16:00,-27.683173347601052,7.5973637015514
317,GPS BIIR-11 (PRN 19),2022-08-29 21:17:00,-27.339297228553004,7.473679220966224
318,GPS BIIR-11 (PRN 19),2022-08-29 21:18:00,-26.995699439713636,7.348943745022512
319,GPS BIIR-11 (PRN 19),2022-08-29 21:19:00,-26.652391933913993,7.223132514284523
320,GPS BIIR-11 (PRN 19),2022-08-29 21:20:00,-26.30939349417429,7.0962199155428705
321,GPS BIIR-11 (PRN 19),2022-08-29 21:21:00,-25.966714365778287,6.968180762474988
322,GPS BIIR-11 (PRN 19),2022-08-29 21:22:00,-25.62437162419891,6.838991576305605
323,GPS BIIR-11 (PRN 19),2022-08-29 21:23:00,-25.282378929814495,6.7086267438253335
324,GPS BIIR-11 (PRN 19),2022-08-29 21:24:00,-24.940753358097965,6.577063213145725
325,GPS BIIR-11 (PRN 19),2022-08-29 21:25:00,-24.599510276974957,6.444275797944214
326,GPS BIIR-11 (PRN 19),2022-08-29 21:26:00,-24.258663346823813,6.310241446332354
327,GPS BIIR-11 (PRN 19),2022-08-29 21:27:00,-23.918229643117453,6.174935398874401
328,GPS BIIR-11 (PRN 19),2022-08-29 21:28:00,-23.578226241328803,6.038335030568731
329,GPS BIIR-11 (PRN 19),2022-08-29 21:29:00,-23.238668509383494,5.900416008866425
330,GPS BIIR-11 (PRN 19),2022-08-29 21:30:00,-22.89957352275446,5.761155281879035
331,GPS BIIR-11 (PRN 19),2022-08-29 21:31:00,-22.56095664936732,5.620529370831289
332,GPS BIIR-11 (PRN 19),2022-08-29 21:32:00,-22.222838379789593,5.478516077608384
333,GPS BIIR-11 (PRN 19),2022-08-29 21:33:00,-21.88523237439962,5.335091069661401
334,GPS BIIR-11 (PRN 19),2022-08-29 21:34:00,-21.548159123764904,5.190232575762363
335,GPS BIIR-11 (PRN 19),2022-08-29 21:35:00,-21.211633995811084,5.043917544022819
336,GPS BIIR-11 (PRN 19),2022-08-29 21:36:00,-20.87567748110567,4.896123349441145
337,GPS BIIR-11 (PRN 19),2022-08-29 21:37:00,-20.54030836266887,4.746827793902536
338,GPS BIIR-11 (PRN 19),2022-08-29 21:38:00,-20.205542008426328,4.59600825240537
339,GPS BIIR-11 (PRN 19),2022-08-29 21:39:00,-19.871400616492842,4.443642953721664
340,GPS BIIR-11 (PRN 19),2022-08-29 21:40:00,-19.53790296988863,4.289709699736617
341,GPS BIIR-11 (PRN 19),2022-08-29 21:41:00,-19.20506785163391,4.1341867192222495
342,GPS BIIR-11 (PRN 19),2022-08-29 21:42:00,-18.872914044748896,3.9770518140637594
343,GPS BIIR-11 (PRN 19),2022-08-29 21:43:00,-18.541463747348395,3.818284066806813
344,GPS BIIR-11 (PRN 19),2022-08-29 21:44:00,-18.210737449999915,3.657861279336608
345,GPS BIIR-11 (PRN 19),2022-08-29 21:45:00,-17.880753935723675,3.495762747642223
346,GPS BIIR-11 (PRN 19),2022-08-29 21:46:00,-17.551537110181766,3.3319669139390893
347,GPS BIIR-11 (PRN 19),2022-08-29 21:47:00,-17.22310575639441,3.166452860772874
348,GPS BIIR-11 (PRN 19),2022-08-29 21:48:00,-16.89548207247641,2.9991996706892445
349,GPS BIIR-11 (PRN 19),2022-08-29 21:49:00,-16.568688256542565,2.830186639677279
350,GPS BIIR-11 (PRN 19),2022-08-29 21:50:00,-16.24274650670768,2.6593932771694675
351,GPS BIIR-11 (PRN 19),2022-08-29 21:51:00,-15.917679021086554,2.4867988791548883
352,GPS BIIR-11 (PRN 19),2022-08-29 21:52:00,-15.593509705341285,2.3123831685094425
353,GPS BIIR-11 (PRN 19),2022-08-29 21:53:00,-15.270260757586678,2.136126508439267
354,GPS BIIR-11 (PRN 19),2022-08-29 21:54:00,-14.947956083484824,1.9580084083768512
355,GPS BIIR-11 (PRN 19),2022-08-29 21:55:00,-14.62661958869782,1.778009551693449
356,GPS BIIR-11 (PRN 19),2022-08-29 21:56:00,-14.306276032661405,1.5961100881517851
357,GPS BIIR-11 (PRN 19),2022-08-29 21:57:00,-13.986949321037676,1.4122909145665246
358,GPS BIIR-11 (PRN 19),2022-08-29 21:58:00,-13.668663359488727,1.2265325008655092
359,GPS BIIR-11 (PRN 19),2022-08-29 21:59:00,-13.351444614997593,1.0388161707502273
360,GPS BIIR-11 (PRN 19),2022-08-29 22:00:00,-13.035317847000016,0.8491229811179027
361,GPS BIIR-11 (PRN 19),2022-08-29 22:01:00,-12.720309522479027,0.6574344157525825
362,GPS BIIR-11 (PRN 19),2022-08-29 22:02:00,-12.406445254644018,0.46373211852087204
363,GPS BIIR-11 (PRN 19),2022-08-29 22:03:00,-12.093751510478016,0.2679980000936415
364,GPS BIIR-11 (PRN 19),2022-08-29 22:04:00,-11.782254756964061,0.07021414456453275
365,GPS BIIR-11 (PRN 19),2022-08-29 22:05:00,-11.471982314858831,359.8703730274658
366,GPS BIIR-11 (PRN 19),2022-08-29 22:06:00,-11.162962358692653,359.6684179940869
367,GPS BIIR-11 (PRN 19),2022-08-29 22:07:00,-10.855221355448558,359.4643865832003
368,GPS BIIR-11 (PRN 19),2022-08-29 22:08:00,-10.548789187204166,359.2582241532926
369,GPS BIIR-11 (PRN 19),2022-08-29 22:09:00,-10.243692320942513,359.0499307043639
370,GPS BIIR-11 (PRN 19),2022-08-29 22:10:00,-9.939961492514863,358.83950623641414
371,GPS BIIR-11 (PRN 19),2022-08-29 22:11:00,-9.637624022677894,358.62689610793
372,GPS BIIR-11 (PRN 19),2022-08-29 22:12:00,-9.336710647282874,358.4121003189114
373,GPS BIIR-11 (PRN 19),2022-08-29 22:13:00,-9.037249540860127,358.1950915486018
374,GPS BIIR-11 (PRN 19),2022-08-29 22:14:00,-8.739273146808213,357.9758971177577
375,GPS BIIR-11 (PRN 19),2022-08-29 22:15:00,-8.442809639657455,357.7544623848659
376,GPS BIIR-11 (PRN 19),2022-08-29 22:16:00,-8.146403335340997,357.53078734992636
377,GPS BIIR-11 (PRN 19),2022-08-29 22:17:00,-7.843744846613038,357.3048446921823
378,GPS BIIR-11 (PRN 19),2022-08-29 22:18:00,-7.540426390856527,357.07663441163385
379,GPS BIIR-11 (PRN 19),2022-08-29 22:19:00,-7.2358178831205295,356.84615650828096
380,GPS BIIR-11 (PRN 19),2022-08-29 22:20:00,-6.929034387020706,356.6133836613669
381,GPS BIIR-11 (PRN 19),2022-08-29 22:21:00,-6.618744015668905,356.3782885501351
382,GPS BIIR-11 (PRN 19),2022-08-29 22:22:00,-6.303079566100772,356.1408711745854
383,GPS BIIR-11 (PRN 19),2022-08-29 22:23:00,-5.979011422532585,355.901131534718
384,GPS BIIR-11 (PRN 19),2022-08-29 22:24:00,-5.641527079887201,355.65904230977605
385,GPS BIIR-11 (PRN 19),2022-08-29 22:25:00,-5.281418162502972,355.4146034997596
386,GPS BIIR-11 (PRN 19),2022-08-29 22:26:00,-4.879257477946267,355.1678151046687
387,GPS BIIR-11 (PRN 19),2022-08-29 22:27:00,-4.382402623849683,354.9186498037467
388,GPS BIIR-11 (PRN 19),2022-08-29 22:28:00,-3.6405804738496528,354.66708027623673
389,GPS BIIR-11 (PRN 19),2022-08-29 22:29:00,-3.042636258715941,354.41313384289566
390,GPS BIIR-11 (PRN 19),2022-08-29 22:30:00,-2.7181181764361795,354.15678318296676
391,GPS BIIR-11 (PRN 19),2022-08-29 22:31:00,-2.4767839008409456,353.89802829645
392,GPS BIIR-11 (PRN 19),2022-08-29 22:32:00,-2.27011881169905,353.63686918334537
393,GPS BIIR-11 (PRN 19),2022-08-29 22:33:00,-2.0805750858156724,353.37330584365293
394,GPS BIIR-11 (PRN 19),2022-08-29 22:34:00,-1.899797480845183,353.1072836358593
395,GPS BIIR-11 (PRN 19),2022-08-29 22:35:00,-1.7231337841891567,352.83885720147777
396,GPS BIIR-11 (PRN 19),2022-08-29 22:36:00,-1.547756190809503,352.56799921975175
397,GPS BIIR-11 (PRN 19),2022-08-29 22:37:00,-1.3718727365444452,352.29468236992454
398,GPS BIIR-11 (PRN 19),2022-08-29 22:38:00,-1.1943342420661285,352.0189339727528
399,GPS BIIR-11 (PRN 19),2022-08-29 22:39:00,-1.0144712421141862,351.7407540282365
400,GPS BIIR-11 (PRN 19),2022-08-29 22:40:00,-0.8319301143165113,351.460115215619
401,GPS BIIR-11 (PRN 19),2022-08-29 22:41:00,-0.6466252145042142,351.177044855657
402,GPS BIIR-11 (PRN 19),2022-08-29 22:42:00,-0.4585968834820803,350.8915156275938
403,GPS BIIR-11 (PRN 19),2022-08-29 22:43:00,-0.26809338261818366,350.60355485218605
404,GPS BIIR-11 (PRN 19),2022-08-29 22:44:00,-0.0754177682064106,350.3131352086771
405,GPS BIIR-11 (PRN 19),2022-08-29 22:45:00,0.11907036763571495,350.02028401782366
406,GPS BIIR-11 (PRN 19),2022-08-29 22:46:00,0.31498215102264515,349.72500127962564
407,GPS BIIR-11 (PRN 19),2022-08-29 22:47:00,0.5119206505800459,349.42728699408315
408,GPS BIIR-11 (PRN 19),2022-08-29 22:48:00,0.709496358762241,349.1271411611961
409,GPS BIIR-11 (PRN 19),2022-08-29 22:49:00,0.9073368434964801,348.8245637809645
410,GPS BIIR-11 (PRN 19),2022-08-29 22:50:00,1.105093444969975,348.51955485338846
411,GPS BIIR-11 (PRN 19),2022-08-29 22:51:00,1.302443650187854,348.2121416992245
412,GPS BIIR-11 (PRN 19),2022-08-29 22:52:00,1.4990922669119258,347.9023516392294
413,GPS BIIR-11 (PRN 19),2022-08-29 22:53:00,1.694771316938973,347.59013003188977
414,GPS BIIR-11 (PRN 19),2022-08-29 22:54:00,1.889238008388343,347.27555883947565
415,GPS BIIR-11 (PRN 19),2022-08-29 22:55:00,2.0822728147112435,346.9585834204737
416,GPS BIIR-11 (PRN 19),2022-08-29 22:56:00,2.273677980586861,346.6392584163973
417,GPS BIIR-11 (PRN 19),2022-08-29 22:57:00,2.4632750673231296,346.31761114800304
418,GPS BIIR-11 (PRN 19),2022-08-29 22:58:00,2.6509022848140837,345.99358697377767
419,GPS BIIR-11 (PRN 19),2022-08-29 22:59:00,2.8364134243228034,345.6672678559911
420,GPS BIIR-11 (PRN 19),2022-08-29 23:00:00,3.0196755106038853,345.3386264738868
421,GPS BIIR-11 (PRN 19),2022-08-29 23:01:00,3.2005673077995604,345.007717468978
422,GPS BIIR-11 (PRN 19),2022-08-29 23:02:00,3.378978038779229,344.67451352050807
423,GPS BIIR-11 (PRN 19),2022-08-29 23:03:00,3.5548058910355746,344.33906926999043
424,GPS BIIR-11 (PRN 19),2022-08-29 23:04:00,3.72795694946751,344.001384717425
425,GPS BIIR-11 (PRN 19),2022-08-29 23:05:00,3.898345409823587,343.6614871835685
426,GPS BIIR-11 (PRN 19),2022-08-29 23:06:00,4.065889523277177,343.31940398917754
427,GPS BIIR-11 (PRN 19),2022-08-29 23:07:00,4.2305154384078785,342.9751624550089
428,GPS BIIR-11 (PRN 19),2022-08-29 23:08:00,4.392152718889877,342.62873526030586
429,GPS BIIR-11 (PRN 19),2022-08-29 23:09:00,4.550710864716668,342.28023168809517
430,GPS BIIR-11 (PRN 19),2022-08-29 23:10:00,4.706180057491322,341.92959709686335
431,GPS BIIR-11 (PRN 19),2022-08-29 23:11:00,4.858474919849211,341.5769134488806
432,GPS BIIR-11 (PRN 19),2022-08-29 23:12:00,5.007540383390155,341.22218074414684
433,GPS BIIR-11 (PRN 19),2022-08-29 23:13:00,5.1533235141480835,340.8654263034187
434,GPS BIIR-11 (PRN 19),2022-08-29 23:14:00,5.295776073911985,340.50667744745294
435,GPS BIIR-11 (PRN 19),2022-08-29 23:15:00,5.434850251357669,340.14598881776294
436,GPS BIIR-11 (PRN 19),2022-08-29 23:16:00,5.5705016502555305,339.78336041434864
437,GPS BIIR-11 (PRN 19),2022-08-29 23:17:00,5.7026871550364335,339.41887419948006
438,GPS BIIR-11 (PRN 19),2022-08-29 23:18:00,5.831366638339005,339.05250285240055
439,GPS BIIR-11 (PRN 19),2022-08-29 23:19:00,5.956500826575516,338.68430101462354
440,GPS BIIR-11 (PRN 19),2022-08-29 23:20:00,6.078052153705531,338.31432332766224
441,GPS BIIR-11 (PRN 19),2022-08-29 23:21:00,6.195985615009557,337.9425971122735
442,GPS BIIR-11 (PRN 19),2022-08-29 23:22:00,6.310267059541741,337.5691496892139
443,GPS BIIR-11 (PRN 19),2022-08-29 23:23:00,6.42086447079035,337.1940083792401
444,GPS BIIR-11 (PRN 19),2022-08-29 23:24:00,6.5277462591304705,336.8172278238655
445,GPS BIIR-11 (PRN 19),2022-08-29 23:25:00,6.630882969371309,336.4388626646035
446,GPS BIIR-11 (PRN 19),2022-08-29 23:26:00,6.730246426982539,336.058912901454
447,GPS BIIR-11 (PRN 19),2022-08-29 23:27:00,6.8258097380943035,335.67746049668716
448,GPS BIIR-11 (PRN 19),2022-08-29 23:28:00,6.91754814327086,335.29453277105955
449,GPS BIIR-11 (PRN 19),2022-08-29 23:29:00,7.005436456189646,334.91015704532794
450,GPS BIIR-11 (PRN 19),2022-08-29 23:30:00,7.089452051849034,334.5243879610056
451,GPS BIIR-11 (PRN 19),2022-08-29 23:31:00,7.169573585907869,334.1372528388493
452,GPS BIIR-11 (PRN 19),2022-08-29 23:32:00,7.245779714024993,333.74883364112895
453,GPS BIIR-11 (PRN 19),2022-08-29 23:33:00,7.318052506953837,333.35915768860144
454,GPS BIIR-11 (PRN 19),2022-08-29 23:34:00,7.386373181674182,332.96825230202325
455,GPS BIIR-11 (PRN 19),2022-08-29 23:35:00,7.45072551648675,332.5761994436645
456,GPS BIIR-11 (PRN 19),2022-08-29 23:36:00,7.5110941434659075,332.1829991135252
457,GPS BIIR-11 (PRN 19),2022-08-29 23:37:00,7.567464548459669,331.7887332738754
458,GPS BIIR-11 (PRN 19),2022-08-29 23:38:00,7.61982392486334,331.39342924547174
459,GPS BIIR-11 (PRN 19),2022-08-29 23:39:00,7.6681603198458745,330.99716899058427
460,GPS BIIR-11 (PRN 19),2022-08-29 23:40:00,7.7124634881235155,330.59995250921304
461,GPS BIIR-11 (PRN 19),2022-08-29 23:41:00,7.75272318441251,330.2018890843847
462,GPS BIIR-11 (PRN 19),2022-08-29 23:42:00,7.788932578523686,329.8029513953426
463,GPS BIIR-11 (PRN 19),2022-08-29 23:43:00,7.821083986494228,329.40324872511343
464,GPS BIIR-11 (PRN 19),2022-08-29 23:44:00,7.849172285682259,329.0028083944539
465,GPS BIIR-11 (PRN 19),2022-08-29 23:45:00,7.873192353445902,328.6017123656341
466,GPS BIIR-11 (PRN 19),2022-08-29 23:46:00,7.893141628464217,328.1999606386539
467,GPS BIIR-11 (PRN 19),2022-08-29 23:47:00,7.909017549416265,327.79760785502685
468,GPS BIIR-11 (PRN 19),2022-08-29 23:48:00,7.920820116302047,327.3947359770228
469,GPS BIIR-11 (PRN 19),2022-08-29 23:49:00,7.928549329121562,326.9913723253985
470,GPS BIIR-11 (PRN 19),2022-08-29 23:50:00,7.932206895422104,326.58759886242404
471,GPS BIIR-11 (PRN 19),2022-08-29 23:51:00,7.931795376524612,326.18341558809936
472,GPS BIIR-11 (PRN 19),2022-08-29 23:52:00,7.92731989507096,325.77890446469456
473,GPS BIIR-11 (PRN 19),2022-08-29 23:53:00,7.918784719929383,325.3741201337229
474,GPS BIIR-11 (PRN 19),2022-08-29 23:54:00,7.90619668128905,324.96908991594114
475,GPS BIIR-11 (PRN 19),2022-08-29 23:55:00,7.889564316886422,324.5638684528626
476,GPS BIIR-11 (PRN 19),2022-08-29 23:56:00,7.868895310684318,324.1585377067574
477,GPS BIIR-11 (PRN 19),2022-08-29 23:57:00,7.844201615513783,323.7530976776254
478,GPS BIIR-11 (PRN 19),2022-08-29 23:58:00,7.815492622884927,323.3476303277368
479,GPS BIIR-11 (PRN 19),2022-08-29 23:59:00,7.78278199317609,322.94216297784817
